{"mae": 1349.4279136027078, "mse": 4104526.180019544, "rmse": 2025.9630253337655}