{"mae": 103.43622350552317, "mse": 21835.77272595567, "rmse": 147.76932268219838}