{"mae": 4.6725293649694555, "mse": 41.72202658641535, "r2": 0.9862472406077132}