{"mae": 4.394805097878702, "mse": 42.257334384216, "r2": 0.9870349739503836}