{"mae": 0.26156805249749177, "mse": 0.3928584083144364, "rmse": 0.6267841800128944}