{"mae": 0.3149383245780547, "mse": 0.40598336759492215, "rmse": 0.6371682412008011}