{"mae": 4.403229132205098, "mse": 51.0789150960169, "rmse": 7.146951454712484}