{"Number of trades": 93, "Number of profitable trades": 58, "Number of losing trades": 35, "Return with 10K USD capital per trade": 65609.93189999898, "Average return of profitable trades": 3.4575284215028423, "Average return of losing trades": -2.982051784384498, "Overall average return": 1.0340304945559944}