{"mae": 0.8074179732145221, "mse": 1.8406505904484705, "rmse": 1.3567057862515626}